label,prediction
0.207,0.20249963
0.975,0.0
0.685,0.6476067
0.141,0.18086538
0.412,0.46277505
0.948,0.0
0.408,0.48398632
0.207,0.23425654
0.736,0.68685603
0.788,0.9107943
0.846,1.0
0.34,0.369286
0.852,1.0
0.47,0.5428626
0.946,0.0
0.356,0.39974025
0.891,0.0
0.661,0.65436226
0.497,0.54193497
0.704,0.685948
0.229,0.24434835
0.656,0.64035934
0.447,0.4918412
0.743,0.7399789
0.083,0.098100185
0.311,0.336863
0.873,0.9046525
0.919,0.0
0.966,0.0
0.385,0.42324913
0.292,0.3107474
0.755,0.76848453
0.035,0.06061542
0.706,0.68048555
0.7,0.6554219
0.73,0.7404938
0.99,0.0
0.741,0.79260635
0.637,0.624393
0.198,0.21934676
0.309,0.34480396
0.633,0.61591023
0.53,0.5793979
0.703,0.6537324
0.735,0.77330637
0.531,0.5687251
0.428,0.46273762
0.959,0.0
0.447,0.49354193
0.887,0.0
0.568,0.5791609
0.228,0.27807114
0.368,0.4322614
0.618,0.620732
0.215,0.23673946
0.266,0.2992538
0.265,0.28764695
0.628,0.6021427
0.653,0.6307545
0.468,0.55086416
0.451,0.51246566
0.641,0.6188512
0.194,0.20609155
0.17,0.19152707
0.518,0.5650626
0.217,0.23665783
0.252,0.24546567
0.966,0.0
0.873,0.88310826
0.196,0.20010263
0.316,0.33171427
0.354,0.40796125
0.154,0.16180247
0.534,0.5736111
0.093,0.10546276
0.737,0.7212609
0.464,0.49267256
0.389,0.4290133
0.337,0.36951444
0.93,0.0
0.155,0.1682244
0.367,0.39811602
0.442,0.48053545
0.243,0.24863166
0.277,0.31609315
0.701,0.69166625
0.475,0.5457138
0.497,0.524274
0.333,0.3991593
0.894,0.0
0.265,0.26478738
0.454,0.49884307
0.43,0.48070222
0.632,0.6228911
0.811,1.0
0.586,0.597258
0.454,0.5197818
0.689,0.627773
0.495,0.5333226
0.409,0.44635588
0.086,0.09577274
0.098,0.14928827
0.096,0.13453388
0.735,0.72288597
0.861,0.5543915
0.304,0.31779608
0.395,0.45762128
0.714,0.6536883
0.535,0.5733098
0.107,0.13917929
0.333,0.36266184
0.485,0.5195695
0.733,0.67275155
0.183,0.16558492
0.28,0.28689945
0.452,0.5237119
0.462,0.54125404
0.471,0.54313475
0.356,0.40462533
0.97,0.0
0.452,0.50799716
0.251,0.22847924
0.584,0.5875087
0.385,0.41827613
0.72,0.7300136
0.173,0.20533025
0.198,0.18694943
0.402,0.46722183
0.706,0.67291737
0.732,0.72122294
0.566,0.58725417
0.169,0.21034491
0.483,0.5344102
0.087,0.13439494
0.995,0.08554083
0.725,0.7070396
0.989,0.046615183
0.12,0.15504456
0.519,0.5602565
0.396,0.4791286
0.257,0.2887853
0.388,0.4311631
0.427,0.487314
0.3,0.33766097
0.47,0.5409406
0.115,0.13761663
0.37,0.46502972
0.205,0.21031979
0.212,0.2355626
0.681,0.64440286
0.192,0.1931203
0.683,0.6353808
0.481,0.5276952
0.752,0.694555
0.128,0.15083635
0.056,0.018031955
0.62,0.5977375
0.703,0.69886655
0.014,0.001229167
0.538,0.5841921
0.477,0.5559512
0.292,0.296607
0.735,0.73219395
0.036,0.10489333
0.32,0.38228965
0.343,0.40564957
0.307,0.36045966
0.474,0.5452671
0.476,0.54834884
0.197,0.20417592
0.268,0.3167742
0.855,0.9002192
0.462,0.53616303
0.296,0.32205275
0.771,0.87915766
0.412,0.45414558
0.122,0.14763272
0.052,0.0280146
0.523,0.5693122
0.916,0.0
0.688,0.64023197
0.311,0.35012224
0.59,0.6022059
0.084,0.1222263
0.219,0.23479038
0.248,0.28091294
0.335,0.4022596
0.948,0.0
0.734,0.7382417
0.411,0.45106867
0.537,0.5615606
0.016,0.07322699
0.119,0.14626855
0.414,0.46512052
0.677,0.6202295
0.546,0.58790994
0.772,0.72217155
0.103,0.11348444
0.339,0.3792981
0.417,0.48715827
0.383,0.43504933
0.532,0.55953264
0.973,0.06545788
0.607,0.597041
0.008,0.0619812
0.628,0.6045923
0.434,0.4909552
0.311,0.32848692
0.181,0.20916724
0.037,0.06137216
0.714,0.7124845
0.406,0.4315106
0.31,0.32648474
0.648,0.6150972
0.347,0.41946268
0.992,0.034917355
0.562,0.57510453
0.655,0.6192773
0.192,0.21739143
0.989,0.029457629
0.526,0.562023
0.748,0.7616011
0.451,0.4854928
0.844,1.0
0.183,0.18256268
0.604,0.59642375
0.802,1.0
0.996,0.027609944
0.62,0.6072858
0.243,0.26072162
0.106,0.14357257
0.262,0.29148954
0.508,0.5417532
0.72,0.6808338
0.056,0.053032637
0.632,0.6123983
0.416,0.49527222
0.043,0.12636441
0.203,0.21238509
0.321,0.39239532
0.93,0.0
0.697,0.62350595
0.156,0.20516038
0.854,0.78829104
0.758,0.7524106
0.119,0.11800468
0.873,0.8541392
0.927,0.0
0.058,0.08011061
0.427,0.5010827
0.396,0.42724782
0.27,0.30816767
0.741,0.72474825
0.442,0.52083576
0.577,0.6039023
0.675,0.6397358
0.132,0.1121555
0.317,0.3618886
0.351,0.38918808
0.238,0.27267477
0.495,0.53880644
0.74,0.76358753
0.72,0.70036054
0.227,0.23229367
0.112,0.1441791
0.732,0.76401484
0.588,0.5968468
0.88,0.1943425
0.314,0.35192844
0.279,0.33088043
0.742,0.773761
0.775,0.86834997
0.74,0.7384167
0.997,0.055272102
0.77,0.89032257
0.182,0.1868527
0.294,0.3225156
0.655,0.62502104
0.735,0.6965538
0.121,0.15751854
0.961,0.0
0.292,0.32289442
0.234,0.21446496
0.457,0.5378435
0.676,0.6366651
0.951,0.0
0.176,0.18715766
0.851,1.0
0.019,0.0
0.896,0.0
0.881,0.91970444
0.729,0.69386303
0.095,0.12555331
0.908,0.0
0.043,0.09458971
0.847,1.0
0.002,0.044116616
0.89,0.0
0.789,1.0
0.865,1.0
0.333,0.36614984
0.226,0.25890416
0.447,0.5070218
0.453,0.5356024
0.207,0.21479693
0.146,0.16740686
0.38,0.41768652
0.923,0.0
0.495,0.54397863
0.121,0.14898312
0.136,0.15265077
0.778,0.92936826
0.25,0.2495898
0.863,0.67497516
0.847,0.9048278
0.693,0.63244706
0.413,0.45873892
0.5,0.5736119
0.462,0.5156188
0.12,0.13450286
0.368,0.42941165
0.759,0.87032926
0.232,0.22070342
0.727,0.6630769
0.55,0.5961633
0.129,0.14266044
0.262,0.25075954
0.948,0.0
0.649,0.62729514
0.508,0.5539203
0.977,0.0
0.863,1.0
0.291,0.32524902
0.257,0.29621986
0.146,0.18639922
0.16,0.19290662
0.301,0.39705515
0.164,0.18322796
0.913,0.0
0.978,0.0067738295
0.447,0.48100328
0.779,0.90011394
0.292,0.3318106
0.003,0.031876266
0.005,0.0
0.414,0.4954521
0.048,0.09153789
0.12,0.16028014
0.581,0.5924013
0.235,0.24380985
0.223,0.24314377
0.895,0.0
0.389,0.4423082
0.198,0.2191126
0.757,0.72781754
0.926,0.0
0.678,0.63972235
0.548,0.57387686
0.822,1.0
0.567,0.5941646
0.243,0.2309607
0.639,0.6140995
0.098,0.10775614
0.71,0.7029512
0.728,0.66190994
0.043,0.024840653
0.608,0.5994139
0.92,0.0
0.568,0.5760235
0.367,0.41163957
0.007,0.0034650564
0.128,0.17071277
0.246,0.27194488
0.728,0.7067075
0.536,0.5591637
0.476,0.5447133
0.201,0.20598078
0.457,0.51898086
0.424,0.51366717
0.082,0.12211186
0.698,0.7156625
0.589,0.5868064
0.498,0.5328376
0.434,0.46333337
0.435,0.4795959
0.215,0.22169638
0.481,0.54170626
0.224,0.23212114
0.783,0.9715943
0.103,0.124904394
0.029,0.0
0.479,0.5170836
0.089,0.13041884
0.625,0.6130748
0.691,0.68798053
0.388,0.47376236
0.958,0.0
0.52,0.5544051
0.553,0.5943635
0.302,0.31896162
0.454,0.54045916
0.153,0.17098698
0.404,0.43933433
0.481,0.52295494
0.866,0.3990513
0.477,0.5514436
0.906,0.0
0.108,0.13098872
0.464,0.514454
0.996,0.054225862
0.437,0.5033986
0.859,0.37086368
0.05,0.10350788
0.941,0.0
0.083,0.10901159
0.068,0.08119798
0.198,0.1789898
0.934,0.0
0.679,0.6244205
0.324,0.35898507
0.711,0.69817674
0.723,0.670678
0.335,0.3755235
0.226,0.25385267
0.519,0.5578524
0.448,0.5006004
0.427,0.48717302
0.409,0.46324027
0.378,0.45205802
0.765,0.764729
0.057,0.11119938
0.374,0.39968535
0.767,0.7672111
0.504,0.5444933
0.882,0.15181965
0.669,0.6136626
0.073,0.10880238
0.203,0.22031379
0.395,0.44342124
0.49,0.54270685
0.728,0.75223553
0.708,0.6689869
0.273,0.32483608
0.892,0.0
0.14,0.1690422
0.448,0.47920996
0.326,0.3772222
0.573,0.5964715
0.055,0.0748921
0.018,0.0
0.696,0.6453786
0.966,0.0
0.193,0.2076155
0.199,0.1984654
0.458,0.51311755
0.44,0.5067167
0.949,0.0
0.164,0.17969844
0.511,0.5748687
0.244,0.24965864
0.638,0.61623263
0.146,0.1904515
0.422,0.47311047
0.293,0.32631397
0.76,0.8407624
0.431,0.4891268
0.939,0.0
0.613,0.59701794
0.372,0.4097317
0.665,0.62597585
0.92,0.0
0.947,0.0
0.12,0.17292148
0.66,0.62255454
0.283,0.30227458
0.177,0.18013832
0.091,0.13735074
0.571,0.5839466
0.649,0.62030065
0.52,0.5629128
0.393,0.4390908
0.901,0.032376587
0.002,0.0
0.388,0.42439058
0.165,0.16892615
0.926,0.0
0.872,0.0
0.301,0.33347553
0.7,0.66031945
0.028,0.082713425
0.509,0.55944073
0.498,0.50826496
0.94,0.0
0.305,0.35320768
0.393,0.44919384
0.747,0.7029954
0.999,0.07216805
0.134,0.15784585
0.84,1.0
0.313,0.318288
0.086,0.092790306
0.705,0.68374753
0.371,0.438883
0.64,0.6059849
0.727,0.7621964
0.809,1.0
0.867,0.8186168
0.842,0.9793099
0.347,0.3862025
0.742,0.78402597
0.751,0.7682524
0.827,0.91772807
0.239,0.24057579
0.916,0.0
0.222,0.21972871
0.382,0.46670318
0.149,0.17935619
0.485,0.5492403
0.348,0.44815904
0.002,0.040499568
0.023,0.089549124
0.586,0.5979278
0.104,0.1490323
0.849,1.0
0.21,0.21306798
0.194,0.17362502
0.06,0.09599233
0.454,0.5341172
0.053,0.08598071
0.294,0.34331137
0.821,0.96253216
0.243,0.27901062
0.85,1.0
0.555,0.56971943
0.83,1.0
0.313,0.35045135
0.384,0.44005057
0.561,0.58064306
0.855,0.7992365
0.894,0.0
0.275,0.31639552
0.471,0.5508082
0.011,0.010290742
0.093,0.113915026
0.005,0.0
0.758,0.69411874
0.52,0.5542844
0.256,0.25131565
0.4,0.48642957
0.931,0.0
0.672,0.6582093
0.925,0.0
0.068,0.07978821
0.204,0.21913755
0.266,0.30725014
0.222,0.22964007
0.824,1.0
0.153,0.15407833
0.878,0.5862944
0.596,0.5852771
0.457,0.4838259
0.743,0.7542826
0.425,0.4533299
0.504,0.5767757
0.615,0.60546553
0.182,0.19809723
0.746,0.7221381
0.181,0.18934608
0.628,0.61270183
0.193,0.20071462
0.23,0.24089375
0.074,0.058978558
0.011,0.0
0.136,0.19720209
0.873,0.4840315
0.098,0.14185256
0.667,0.6424493
0.092,0.12467471
0.146,0.18081048
0.147,0.16930425
0.396,0.48000586
0.443,0.460797
0.751,0.75369763
0.254,0.23851329
0.456,0.5415298
0.252,0.2790631
0.313,0.37431416
0.405,0.44766688
0.169,0.16481799
0.73,0.7049775
0.944,0.0
0.765,0.87014675
0.376,0.4433666
0.165,0.17401895
0.852,1.0
0.445,0.47104895
0.974,0.0
0.672,0.63788617
0.86,0.72298986
0.228,0.25526243
0.98,0.013143897
0.591,0.5974425
0.836,0.81624657
0.661,0.6119669
0.761,0.7304957
0.137,0.1521619
0.035,0.04956436
0.208,0.24227679
0.151,0.17372426
0.447,0.5330798
0.081,0.1296705
0.233,0.25062346
0.61,0.60076416
0.67,0.64292675
0.255,0.25649008
0.085,0.095454454
0.056,0.050789237
0.722,0.72353
0.117,0.1748195
0.067,0.10392523
0.397,0.43446043
0.184,0.18139958
0.027,0.0
0.192,0.21644524
0.421,0.47523367
0.099,0.120208114
0.271,0.31396428
0.041,0.1215148
0.513,0.5538313
0.252,0.29770046
0.422,0.48861665
0.058,0.031134188
0.096,0.11536324
0.862,1.0
0.384,0.43357685
0.703,0.648622
0.751,0.7829195
0.248,0.27464145
0.699,0.66605496
0.568,0.59474015
0.049,0.043603063
0.013,0.0
0.717,0.66409326
0.252,0.27428722
0.673,0.64782214
0.853,0.97038096
0.829,0.9386732
0.98,0.0
0.729,0.6668299
0.772,0.8468104
0.498,0.5706739
0.06,0.060653687
0.424,0.45561123
0.842,1.0
0.633,0.6181558
0.222,0.2139372
0.939,0.0
0.944,0.0
0.773,0.82695425
0.284,0.28787613
0.434,0.5243031
0.266,0.3230852
0.859,1.0
0.636,0.6220598
0.192,0.22734225
0.093,0.11121136
0.259,0.29753727
0.914,0.0
0.256,0.29207066
0.296,0.33767375
0.88,0.6122396
0.53,0.56519186
0.708,0.69278467
0.16,0.18274534
0.752,0.7200192
0.035,0.027747273
0.847,1.0
0.029,0.08627093
0.264,0.28291503
0.235,0.23213026
0.771,0.8968352
0.515,0.56048745
0.987,0.0
0.732,0.72376823
0.48,0.52862287
0.106,0.13389954
0.017,0.07988262
0.071,0.13323247
0.582,0.5987141
0.935,0.0
0.203,0.2219621
0.393,0.43310627
0.042,0.085983574
0.279,0.336491
0.744,0.74368376
0.521,0.55970114
0.107,0.13435686
0.139,0.16688007
0.316,0.31777543
0.546,0.56929666
0.047,0.09564078
0.1,0.1326415
0.286,0.3301608
0.674,0.6452936
0.953,0.0
0.445,0.5259654
0.156,0.18457434
0.753,0.7118857
0.401,0.4887802
0.584,0.5839696
0.547,0.55933356
0.876,0.11297339
0.892,0.9308449
0.766,0.8124481
0.779,0.7821727
0.754,0.7367861
0.895,0.0
0.101,0.13318992
0.699,0.6450464
0.772,0.8069725
0.278,0.32568562
0.061,0.050487757
0.983,0.0
0.187,0.20407605
0.677,0.63428575
0.085,0.06778586
0.072,0.13233429
0.163,0.17394581
0.223,0.22455579
0.61,0.60432917
0.452,0.54926676
0.902,0.0
0.301,0.3644752
0.365,0.42021996
0.701,0.63769054
0.853,0.5855795
0.004,0.0
0.557,0.586147
0.198,0.20066723
0.302,0.34044063
0.349,0.40257517
0.635,0.6327145
0.729,0.6809254
0.846,1.0
0.234,0.27151072
0.913,0.0
0.828,1.0
0.664,0.6111666
0.056,0.071983874
0.094,0.12914497
0.692,0.619288
0.446,0.51743615
0.07,0.09523648
0.101,0.10886192
0.155,0.19152403
0.09,0.14193338
0.363,0.40090576
0.284,0.30860102
0.482,0.53008235
0.143,0.16937068
0.188,0.20443878
0.248,0.24040183
0.25,0.23769915
0.354,0.38523448
0.997,0.030301094
0.38,0.43591046
0.343,0.3828645
0.319,0.32364517
0.932,0.0
0.321,0.37791592
0.513,0.5780368
0.404,0.43142653
0.247,0.26128095
0.714,0.6699196
0.683,0.66203284
0.374,0.41028154
0.165,0.17731637
0.022,0.058017254
0.621,0.6093912
0.45,0.48752177
0.994,0.085614145
0.262,0.2516535
0.871,0.3773458
0.323,0.3656748
0.246,0.26203552
0.406,0.44231114
0.621,0.6101438
0.504,0.5643869
0.504,0.55750966
0.187,0.21256918
0.3,0.32276317
0.454,0.5331585
0.147,0.15283361
0.347,0.38431358
0.517,0.5511255
0.653,0.6164926
0.858,0.6113931
0.455,0.5177627
0.24,0.24517545
0.668,0.62330544
0.935,0.0
0.742,0.7882794
0.879,0.36914688
0.965,0.0
0.602,0.5875489
0.596,0.5888512
0.179,0.19876778
0.088,0.102621675
0.731,0.6789656
0.964,0.0
0.015,0.035371363
0.305,0.33083475
0.2,0.2033794
0.737,0.73753077
0.331,0.37879282
0.253,0.23812464
0.082,0.12070674
0.789,0.8731354
0.598,0.5962926
0.401,0.44832736
0.824,0.9640492
0.633,0.60055643
0.924,0.0
0.921,0.0
0.441,0.51286185
0.926,0.0
0.132,0.14517653
0.606,0.6043006
0.085,0.08922368
0.088,0.10865879
0.243,0.25667542
0.09,0.11457986
0.053,0.060306072
0.693,0.65731347
0.416,0.45822752
0.822,0.8879404
0.962,0.0
0.707,0.6768073
0.204,0.22515303
0.706,0.7138592
0.923,0.0
0.217,0.21854496
0.827,1.0
0.336,0.38895956
0.147,0.16985875
0.702,0.7034843
0.942,0.0
0.032,0.080741465
0.65,0.61957157
0.048,0.041799188
0.365,0.41296363
0.086,0.10762471
0.64,0.62021697
0.649,0.6144775
0.719,0.7593905
0.537,0.57403135
0.163,0.17165816
0.352,0.41218624
0.545,0.5779465
0.759,0.7877525
0.464,0.5293156
0.16,0.17892945
0.14,0.15572056
0.145,0.16055274
0.232,0.24212772
0.946,0.0
0.194,0.22705248
0.95,0.0
0.62,0.60796815
0.653,0.6115652
0.252,0.27375704
0.755,0.85668457
0.307,0.3250789
0.385,0.45176694
0.988,0.020568252
0.701,0.6476117
0.76,0.79887795
0.109,0.10810733
0.723,0.6702149
0.628,0.6184044
0.74,0.7020607
0.84,1.0
0.369,0.4150027
0.945,0.0
0.888,0.0
0.98,0.0
0.12,0.13708198
0.575,0.5968814
0.44,0.46282196
0.999,0.021330893
0.003,0.0
0.155,0.15895647
0.035,0.07427484
0.472,0.50600475
0.232,0.2293942
0.739,0.73950374
0.063,0.09938961
0.102,0.11616379
0.483,0.522578
0.4,0.44117525
0.106,0.11848551
0.528,0.5578274
0.837,0.9959362
0.915,0.0
0.476,0.54663825
0.155,0.19716847
0.295,0.32512093
0.763,0.96580803
0.394,0.478306
0.588,0.60400957
0.872,0.9969776
0.318,0.34185192
0.68,0.6442171
0.998,0.04095751
0.802,1.0
0.107,0.14266044
0.783,0.83928037
0.25,0.27278754
0.125,0.13938546
0.844,1.0
0.734,0.7069012
0.239,0.23300269
0.736,0.7302713
0.416,0.46773642
0.869,0.024289548
0.619,0.5966089
0.54,0.5940287
0.109,0.13545388
0.638,0.6009537
0.375,0.4168642
0.858,0.67422456
0.422,0.50322217
0.221,0.23484564
0.356,0.40559047
0.082,0.11647689
0.223,0.22817057
0.003,0.024739802
0.684,0.6338358
0.104,0.10256392
0.716,0.6904856
0.888,0.0
0.858,1.0
0.191,0.21660054
0.588,0.5958991
0.462,0.513114
0.247,0.2503861
0.826,1.0
0.812,0.96209264
0.737,0.7774776
0.668,0.62583506
0.826,1.0
0.432,0.5027772
0.323,0.3726519
0.717,0.7153784
0.424,0.48458046
0.939,0.0
0.454,0.51045245
0.939,0.0
0.786,0.8694391
0.765,0.8808571
0.303,0.31843695
0.723,0.7328702
0.052,0.044726014
0.883,0.0
0.557,0.588912
0.359,0.40744868
0.325,0.3714957
0.065,0.106081724
0.737,0.6751415
0.158,0.21635672
0.748,0.74429
0.194,0.23775083
0.678,0.6383914
0.465,0.5421567
0.202,0.22265795
0.73,0.74614763
0.64,0.60821784
0.268,0.31078926
0.716,0.6766864
0.202,0.2144435
0.031,0.0593217
0.474,0.5327881
0.24,0.2590554
0.165,0.2134544
0.076,0.03301871
0.64,0.6188053
0.871,0.47762117
0.785,0.9732231
0.787,0.94199306
0.531,0.5821912
0.114,0.1224263
0.247,0.23456901
0.594,0.57846963
0.093,0.08355188
0.244,0.24722251
0.254,0.25054184
0.744,0.7722206
0.19,0.21835014
0.74,0.7068716
0.958,0.0
0.779,0.92596495
0.941,0.0
0.871,0.46908832
0.693,0.64549696
0.165,0.18441796
0.76,0.9545156
0.145,0.15510795
0.86,0.81389785
0.895,0.0
0.331,0.37577435
0.21,0.19114771
0.625,0.6207229
0.712,0.67572415
0.505,0.5388097
0.144,0.19795588
0.144,0.18979552
0.052,0.06406975
0.831,0.98182815
0.956,0.0
0.342,0.37913597
0.359,0.40544975
0.862,0.4506739
0.851,1.0
0.31,0.3255844
0.239,0.2637768
0.35,0.39574748
0.872,0.15077645
0.302,0.34079888
0.497,0.5507184
0.702,0.66899836
0.592,0.6024301
0.255,0.28243607
0.916,0.0
0.253,0.31178024
0.751,0.77024186
0.372,0.44188356
0.739,0.7819841
0.177,0.18005061
0.758,0.7804935
0.977,0.028196096
0.119,0.13774806
0.516,0.5516637
0.215,0.22873968
0.224,0.23927826
0.194,0.18594396
0.01,0.005445242
0.696,0.67720973
0.043,0.06299883
0.282,0.3045082
0.502,0.5391966
0.195,0.2175765
0.866,0.3102227
0.872,0.023250282
0.184,0.20571041
0.931,0.0
0.101,0.12227547
0.434,0.4954639
0.677,0.63155603
0.745,0.6649642
0.394,0.46467957
0.319,0.34164038
0.322,0.360401
0.635,0.6101171
0.562,0.56909883
0.981,0.0
0.368,0.45110798
0.952,0.0
0.974,0.004167795
0.989,0.0
0.43,0.5134692
0.114,0.14092362
0.736,0.73784196
0.244,0.27396035
0.143,0.19935572
0.749,0.7393028
0.507,0.55163467
0.851,0.6126039
0.334,0.37265217
0.153,0.1792075
0.723,0.71259665
0.745,0.777706
0.516,0.5364579
0.952,0.0
0.344,0.3714099
0.825,0.969372
0.166,0.22588009
0.891,0.0
0.713,0.6456916
0.603,0.6063463
0.247,0.25740632
0.436,0.47878408
0.521,0.5432421
0.62,0.6215794
0.732,0.709512
0.473,0.54741645
0.477,0.53704596
0.179,0.19121173
0.661,0.6400496
0.838,0.97528446
0.162,0.19045007
0.692,0.62772596
0.119,0.15869156
0.639,0.6103183
0.283,0.35380715
0.668,0.61764073
0.137,0.1430853
0.372,0.40706164
0.325,0.35423636
0.669,0.6238161
0.088,0.103428304
0.353,0.39567584
0.702,0.64483154
0.18,0.19568136
0.738,0.75821304
0.117,0.15733668
0.437,0.51599133
0.207,0.22189853
0.44,0.51073825
0.71,0.68128985
0.461,0.54408854
0.647,0.61125636
0.749,0.782956
0.912,0.0
0.261,0.2634793
0.637,0.62859476
0.021,0.05793321
0.188,0.20780405
0.697,0.6321257
0.489,0.5192579
0.054,0.07293874
0.27,0.29230455
0.925,0.0
0.701,0.67223
0.039,0.079839885
0.74,0.7701859
0.719,0.667868
0.129,0.14332688
0.618,0.59110117
0.742,0.72529066
0.327,0.36955148
0.918,0.0
0.549,0.57866246
0.529,0.5615378
0.37,0.4285993
0.967,0.0
0.962,0.0
0.158,0.1596458
0.018,0.07024062
0.128,0.13695315
0.747,0.6807827
0.704,0.66999495
0.425,0.5099218
0.098,0.09929645
0.092,0.12343168
0.21,0.19957602
0.738,0.7107601
0.319,0.37531453
0.145,0.19518256
0.252,0.246137
0.542,0.56847847
0.559,0.56744105
0.358,0.39089584
0.723,0.67195797
0.19,0.22022751
0.452,0.5269843
0.293,0.32305196
0.263,0.28792495
0.56,0.57289714
0.22,0.24418232
0.484,0.5432673
0.39,0.4228554
0.043,0.026873589
0.971,0.0
0.238,0.25993964
0.244,0.25074595
0.441,0.467205
0.818,0.9725404
0.157,0.19659698
0.27,0.29107502
0.461,0.5240434
0.129,0.12209684
0.472,0.5159302
0.121,0.17024374
0.082,0.07613683
0.803,1.0
0.036,0.04982972
0.22,0.23314226
0.947,0.0
0.797,0.8883979
0.641,0.6169258
0.092,0.11781031
0.361,0.41654843
0.88,0.27983254
0.118,0.14710978
0.207,0.20735952
0.148,0.16049865
0.742,0.74285555
0.284,0.33901986
0.324,0.35212487
0.069,0.09107369
0.485,0.54850245
0.034,0.032328486
0.084,0.08657509
0.474,0.54603505
0.156,0.19036844
0.105,0.1300782
0.731,0.6857418
0.31,0.36056268
0.073,0.10564971
0.462,0.54136145
0.301,0.31540883
0.965,0.0
0.088,0.09700227
0.843,1.0
0.039,0.045964837
0.159,0.17082417
0.419,0.45336592
0.257,0.25810763
0.961,0.0
0.133,0.16207892
0.132,0.17001611
0.543,0.5613539
0.192,0.21798134
0.227,0.19210866
0.817,1.0
0.943,0.0
0.178,0.20001206
0.287,0.3143164
0.682,0.6353284
0.437,0.46582633
0.985,0.0
0.332,0.39917105
0.391,0.47838312
0.116,0.17275643
0.252,0.29129273
0.391,0.46320692
0.043,0.053808868
0.788,1.0
0.495,0.5464495
0.47,0.50969994
0.186,0.18541235
0.704,0.7197134
0.888,0.0
0.897,0.0
0.88,0.0
0.873,0.06893939
0.859,0.9182916
0.457,0.5207296
0.449,0.4780746
0.957,0.0
0.782,0.8351463
0.319,0.36542875
0.699,0.6807314
0.924,0.0
0.521,0.5703515
0.71,0.661216
0.606,0.60500443
0.227,0.23378527
0.173,0.19706807
0.205,0.22685847
0.547,0.57334274
0.8,1.0
0.312,0.35779434
0.78,0.9665192
0.483,0.5449518
0.419,0.4566649
0.676,0.62345254
0.679,0.6387836
0.8,0.9562633
0.191,0.22101876
0.827,1.0
0.472,0.5015751
0.446,0.49780715
0.422,0.4554166
0.087,0.07586521
0.927,0.0
0.706,0.69331384
0.748,0.7550894
0.877,0.0
0.614,0.6061684
0.301,0.31873387
0.884,0.0
0.378,0.42969376
0.666,0.61225134
0.985,0.0
0.866,0.72627366
0.469,0.52336764
0.921,0.0
0.853,0.89071405
0.858,0.0035639405
0.718,0.7263988
0.035,0.021860361
0.396,0.45031202
0.258,0.28662765
0.484,0.5326121
0.361,0.38691217
0.1,0.098107696
0.395,0.46941411
0.099,0.12743229
0.173,0.20341909
0.225,0.23350051
0.716,0.74299794
0.11,0.13506424
0.914,0.0
0.99,0.010378718
0.916,0.0
0.82,0.88002527
0.734,0.7365128
0.874,0.7740176
0.21,0.21456644
0.932,0.0
0.227,0.24213803
0.663,0.63097286
0.149,0.15621695
0.24,0.26329216
0.738,0.72290456
0.732,0.7393425
0.074,0.058389723
0.702,0.7008371
0.764,0.84218895
0.269,0.3265406
0.923,0.0
0.475,0.5533275
0.454,0.5008733
0.314,0.3229553
0.886,0.0
0.723,0.7168901
0.076,0.09610999
0.844,0.9260779
0.318,0.3931633
0.862,0.7788035
0.837,0.85098886
0.994,0.010006428
0.712,0.6977453
0.087,0.119815886
0.008,0.0
0.287,0.35821357
0.646,0.6323434
0.867,0.12841398
0.842,1.0
0.919,0.0
0.712,0.6878917
0.221,0.21447265
0.413,0.46712682
0.759,0.76250786
0.686,0.64618117
0.51,0.5795114
0.387,0.422835
0.5,0.57031405
0.55,0.5648439
0.316,0.3689031
0.712,0.70699763
0.868,0.71872306
0.987,0.013085604
0.161,0.19106412
0.989,0.0021741986
0.679,0.63555217
0.516,0.57800555
0.945,0.0
0.939,0.0
0.051,0.082620084
0.568,0.59564203
0.11,0.14938268
0.306,0.3556383
0.708,0.7191523
0.905,0.0
0.591,0.59101236
0.103,0.14065808
0.085,0.06500924
0.013,0.0036914349
0.992,0.04193008
0.03,0.007095337
0.138,0.16450328
0.84,1.0
0.765,0.9385357
0.634,0.6188047
0.28,0.3314167
0.521,0.56751764
0.592,0.6003878
0.288,0.33169037
0.149,0.16109142
0.516,0.55460316
0.157,0.18711537
0.395,0.47897577
0.919,0.0
0.521,0.53775984
0.322,0.3850565
0.276,0.33502328
0.04,0.070462346
0.121,0.1405617
0.516,0.54258454
0.726,0.72626865
0.671,0.65330976
0.02,0.04418975
0.733,0.69459844
0.118,0.17295572
0.445,0.5313764
0.893,0.0
0.445,0.52046555
0.761,0.83855426
0.696,0.6866936
0.344,0.38711298
0.372,0.404324
0.933,0.0
0.209,0.23203245
0.761,0.8100319
0.022,0.023642957
0.16,0.16164494
0.471,0.550392
0.689,0.6419009
0.274,0.34031376
0.083,0.10147923
0.635,0.59963614
0.719,0.70846707
0.866,0.54926467
0.063,0.114758134
0.101,0.10543442
0.508,0.56116486
0.187,0.20536208
0.843,0.9081314
0.229,0.2274895
0.234,0.22363937
0.23,0.22749698
0.089,0.10090488
0.126,0.17092118
0.043,0.06339097
0.782,0.91482925
0.258,0.2755275
0.727,0.6879941
0.15,0.18399918
0.226,0.23408237
0.104,0.12388873
0.367,0.3862639
0.619,0.60452586
0.948,0.0
0.403,0.4502262
0.727,0.7362083
0.883,0.0
0.442,0.4686625
0.725,0.66469455
0.308,0.3544811
0.136,0.1294131
0.179,0.2091794
0.961,0.0
0.161,0.17910057
0.539,0.5723992
0.661,0.62962437
0.504,0.54235286
0.428,0.4928124
0.293,0.33350846
0.946,0.0
0.153,0.15094757
0.311,0.3622654
0.918,0.0
0.676,0.6114094
0.977,0.022686303
0.524,0.54828733
0.417,0.4665831
0.288,0.33561283
0.745,0.73597705
0.703,0.70534325
0.513,0.57663375
0.173,0.21143103
0.985,0.0
0.446,0.47337812
0.491,0.5322449
0.239,0.24257246
0.301,0.33581427
0.883,0.0
0.315,0.37685847
0.001,0.05289656
0.885,0.3151145
0.464,0.5024384
0.76,0.7823687
0.579,0.57731634
0.764,0.81307286
0.851,1.0
0.309,0.3454223
0.917,0.0
0.541,0.5704878
0.359,0.4569361
0.365,0.3897016
0.171,0.20334819
0.98,0.0
0.288,0.33619657
0.498,0.53223777
0.682,0.62405753
0.23,0.23382944
0.291,0.3220558
0.365,0.4550831
0.063,0.03667599
0.892,0.0
0.947,0.0
0.063,0.07182956
0.379,0.42874253
0.194,0.19980025
0.691,0.6356753
0.409,0.5023204
0.154,0.15195832
0.739,0.7395165
0.829,1.0
0.752,0.7573608
0.737,0.73656785
0.639,0.61615765
0.89,0.4436444
0.889,0.48257267
0.441,0.49490184
0.686,0.6387484
0.871,0.12489706
0.667,0.62182236
0.034,0.045846105
0.692,0.6789565
0.035,0.03136736
0.863,0.96027493
0.017,0.069316864
0.272,0.31811026
0.097,0.123870134
0.511,0.5859181
0.079,0.10351843
0.782,0.90085495
0.546,0.58558184
0.12,0.17004508
0.715,0.6601279
0.279,0.27605444
0.494,0.52607715
0.356,0.38920593
0.996,0.04852152
0.5,0.56680495
0.769,0.8770818
0.698,0.68688977
0.981,0.0
0.226,0.18644598
0.453,0.48995242
0.947,0.0
0.029,0.0677492
0.483,0.5241718
0.123,0.17104796
0.473,0.5265675
0.486,0.5588714
0.219,0.23248994
0.901,0.0
0.233,0.26075155
0.958,0.0
0.07,0.07748759
0.097,0.12482661
0.339,0.40848884
0.74,0.6798829
0.571,0.5799333
0.524,0.59416664
0.785,0.86882955
0.846,1.0
0.791,0.7862954
0.982,0.051582992
0.745,0.67044497
0.988,0.0
0.685,0.66428363
0.146,0.17191797
0.151,0.186364
0.319,0.36585894
0.415,0.46199906
0.305,0.34359932
0.057,0.0839417
0.451,0.5398777
0.994,0.01591158
0.832,0.96243286
0.894,0.0
0.443,0.53440297
0.887,0.0
0.065,0.05646211
0.207,0.22040409
0.74,0.81003475
0.599,0.6003022
0.881,0.45641887
0.937,0.0
0.879,0.13985986
0.145,0.15113631
0.475,0.52470195
0.889,0.0
0.633,0.61036754
0.342,0.4218064
0.179,0.16805935
0.385,0.41406757
0.25,0.28586453
0.738,0.71586585
0.281,0.3189177
0.553,0.580496
0.497,0.5624237
0.211,0.22857222
0.078,0.07935119
0.749,0.7436766
0.764,0.839396
0.841,0.8827159
0.865,0.88540375
0.005,0.01218152
0.506,0.5358544
0.056,0.06686157
0.233,0.25324917
0.0,0.0
0.939,0.0
0.021,0.0028789043
0.107,0.13990027
0.769,0.8680342
0.099,0.14927495
0.267,0.2715135
0.127,0.13354433
0.328,0.37732762
0.35,0.41181788
0.314,0.33340466
0.42,0.48254335
0.105,0.13605702
0.615,0.60588986
0.52,0.5742536
0.289,0.28159904
0.199,0.22713447
0.071,0.06717038
0.781,0.96257937
0.742,0.6914601
0.421,0.46801805
0.509,0.5550988
0.261,0.28017434
0.828,0.97115695
0.744,0.73233783
0.056,0.108584225
0.359,0.41448858
0.153,0.16156492
0.158,0.17701176
0.203,0.20605204
0.333,0.34200105
0.13,0.16157949
0.737,0.71633327
0.37,0.42333904
0.905,0.0
0.478,0.5105091
0.919,0.0
0.846,1.0
0.473,0.5488423
0.664,0.62870216
0.6,0.60010576
0.243,0.24002615
0.768,0.83036375
0.768,0.8676045
0.542,0.59591347
0.008,0.0
0.395,0.44134495
0.118,0.16298541
0.806,0.99655867
0.23,0.24638736
0.808,1.0
0.735,0.72492087
0.528,0.5871417
0.497,0.57513064
0.562,0.59803224
0.007,0.03462088
0.079,0.15542793
0.665,0.62584376
0.856,0.8215357
0.617,0.5909034
0.693,0.67410505
0.88,0.0
0.256,0.27451587
0.367,0.47121271
0.522,0.5544159
0.265,0.30076414
0.555,0.5773501
0.392,0.43728518
0.079,0.12263757
0.942,0.0
0.247,0.28282169
0.971,0.0
0.277,0.2850845
0.273,0.24777031
0.022,0.051521838
0.14,0.17041022
0.285,0.3198536
0.905,0.0
0.068,0.077727735
0.604,0.5935817
0.545,0.5948795
0.912,0.0
0.564,0.5934789
0.247,0.25055075
0.539,0.54963547
0.867,0.74224746
0.077,0.11051917
0.125,0.16632861
0.574,0.588962
0.705,0.7039938
0.769,0.8177507
0.474,0.5407927
0.304,0.29902652
0.372,0.42652166
0.317,0.36543193
0.303,0.31054804
0.424,0.49362057
0.97,0.0
0.056,0.040517807
0.287,0.33109
0.205,0.21421748
0.888,0.0
0.73,0.6978507
0.329,0.3967321
0.442,0.49270326
0.69,0.6170327
0.222,0.24084315
0.375,0.44427973
0.257,0.29003146
0.343,0.37948823
0.049,0.08869082
0.709,0.70928884
0.876,0.342605
0.251,0.25708222
0.379,0.42772698
0.033,0.0009509325
0.251,0.29071587
0.501,0.5483072
0.625,0.6132596
0.947,0.0
0.767,0.8293889
0.175,0.19481823
0.478,0.5406037
0.715,0.7355807
0.108,0.11650425
0.717,0.67209923
0.941,0.0
0.607,0.59668946
0.442,0.49574384
0.765,0.7495535
0.313,0.35550767
0.033,0.0061143637
0.369,0.4121908
0.394,0.45013896
0.355,0.42770928
0.098,0.12324071
0.797,0.95340085
0.51,0.54708076
0.11,0.13340664
0.375,0.4087922
0.199,0.20060161
0.72,0.71203303
0.447,0.4879037
0.747,0.7655824
0.879,0.024255574
0.002,0.019770205
0.18,0.21084452
0.53,0.57301056
0.058,0.07789564
0.244,0.23202634
0.323,0.33478862
0.863,0.8743154
0.449,0.516397
0.422,0.50577646
0.839,1.0
0.248,0.30605265
0.051,0.058606982
0.994,0.0
0.88,0.5105143
0.948,0.0
0.958,0.0
0.264,0.31376678
0.305,0.3497258
0.988,0.011622548
0.62,0.6202469
0.735,0.7060064
0.786,0.9538518
0.312,0.32481542
0.874,0.3046351
0.697,0.7061467
0.355,0.4304307
0.14,0.16508737
0.125,0.16061166
0.981,0.0
0.604,0.58535516
0.945,0.0
0.906,0.0
0.227,0.23133579
0.325,0.38572305
0.267,0.32023117
0.286,0.32996115
0.924,0.0
0.368,0.4337395
0.699,0.6881384
0.032,0.0015220642
0.349,0.393642
0.727,0.73186445
0.931,0.0
0.199,0.2266616
0.745,0.7351418
0.732,0.74748874
0.708,0.7258016
0.232,0.24109972
0.685,0.6498022
0.736,0.6971321
0.655,0.6309759
0.446,0.50953007
0.115,0.14562553
0.901,0.0
0.308,0.36428395
0.83,0.90618163
0.517,0.5603556
0.278,0.35004562
0.208,0.22481176
0.092,0.14580515
0.93,0.0
0.427,0.48869693
0.079,0.107217014
0.739,0.71057427
0.41,0.4545297
0.948,0.0
0.453,0.49963993
0.623,0.6101644
0.727,0.6658119
0.004,0.0055732727
0.153,0.17204699
0.298,0.3326134
0.02,0.06771916
0.497,0.5379392
0.4,0.47445923
0.975,0.0
0.905,0.0
0.505,0.5358695
0.099,0.13800466
0.387,0.4350552
0.659,0.61878717
0.079,0.080050886
0.477,0.51751965
0.708,0.69269145
0.889,0.0
0.231,0.25855315
0.882,0.7488053
0.045,0.018111348
0.673,0.6364051
0.545,0.56977415
0.891,0.0
0.355,0.42224228
0.315,0.35625583
0.744,0.7805438
0.113,0.13882747
0.875,0.40538907
0.527,0.58028865
0.405,0.45357597
0.6,0.59838134
0.897,0.0
0.75,0.8307239
0.421,0.45871305
0.661,0.6270536
0.518,0.57988095
0.52,0.5542793
0.792,0.88132775
0.038,0.08256948
0.067,0.05711764
0.885,0.28683633
0.058,0.04129994
0.621,0.6117488
0.717,0.6689923
0.717,0.61752856
0.708,0.7289361
0.227,0.20496064
0.977,0.0045027137
0.964,0.0
0.755,0.93402267
0.478,0.54486984
0.868,0.23319662
0.688,0.6609598
0.162,0.20424235
0.824,0.97889024
0.224,0.23331785
0.758,0.76111245
0.101,0.12967461
0.658,0.626089
0.571,0.5999243
0.115,0.13696593
0.548,0.5901798
0.355,0.4352089
0.412,0.4657053
0.453,0.5082353
0.753,0.8311881
0.838,0.9762608
0.44,0.5205988
0.214,0.250294
0.716,0.6609968
0.797,1.0
0.65,0.62627625
0.094,0.08338988
0.755,0.740763
0.161,0.15759328
0.493,0.5686582
0.807,0.9914172
0.357,0.403907
0.118,0.13585532
0.712,0.668912
0.755,0.77291405
0.173,0.20228943
0.471,0.5518541
0.473,0.5511259
0.667,0.6370677
0.847,0.24898446
0.782,1.0
0.369,0.46157596
0.414,0.47838128
0.515,0.5591209
0.085,0.07302117
0.696,0.65951145
0.162,0.19579196
0.311,0.3740853
0.715,0.727371
0.358,0.4134848
0.678,0.60843015
0.974,0.02271384
0.189,0.21888015
0.789,0.9362955
0.762,0.7472471
0.704,0.7188344
0.778,0.7751466
0.686,0.66315866
0.133,0.15152031
0.522,0.5845326
0.053,0.04161626
0.892,0.0
0.948,0.0
0.73,0.68078095
0.333,0.37114114
0.383,0.4162201
0.486,0.5355612
0.322,0.37254614
0.489,0.5624537
0.851,0.72452474
0.655,0.6145769
0.896,0.0
0.491,0.54918337
0.767,0.87437034
0.594,0.6029526
0.856,0.63187855
0.442,0.5200318
0.795,0.91670144
0.732,0.6580105
0.212,0.21525094
0.129,0.18370512
0.677,0.650875
0.038,0.10570443
0.468,0.5123979
0.673,0.6558872
0.154,0.21155012
0.223,0.2166937
0.113,0.12874335
0.482,0.54112184
0.242,0.23363176
0.656,0.62955546
0.812,0.9751348
0.524,0.5813763
0.391,0.44695568
0.214,0.21321094
0.509,0.5406194
0.687,0.64004123
0.15,0.18589962
0.478,0.5660212
0.464,0.51679707
0.712,0.6741538
0.732,0.6650177
0.865,0.5085366
0.507,0.54828966
0.986,0.0
0.447,0.50117266
0.745,0.7565327
0.819,0.896906
0.517,0.5647037
0.761,0.8475886
0.241,0.2773872
0.057,0.061947405
0.3,0.326497
0.492,0.55158985
0.48,0.5546637
0.234,0.27106288
0.079,0.089393556
0.745,0.783986
0.001,0.059176683
0.707,0.7374543
0.079,0.13444376
0.691,0.66959643
0.406,0.45018736
0.859,0.32216477
0.553,0.58129305
0.324,0.38029552
0.756,0.7994826
0.984,0.0
0.503,0.560562
0.872,0.26072
0.867,1.0
0.466,0.5406909
0.771,0.9174798
0.599,0.59698313
0.286,0.3327442
0.725,0.7369472
0.667,0.61651134
0.147,0.21262246
0.516,0.5885415
0.168,0.1750508
0.072,0.057222962
0.485,0.5215242
0.778,0.92347026
0.243,0.23682448
0.673,0.6558322
0.8,0.9101039
0.147,0.18338674
0.914,0.0
0.686,0.62550867
0.481,0.537168
0.309,0.35758942
0.589,0.5919759
0.721,0.695046
0.529,0.5580726
0.887,0.0
0.01,0.0
0.44,0.49737376
0.403,0.44049048
0.574,0.58093846
0.751,0.78809655
0.277,0.2523702
0.234,0.27334246
0.905,0.0
0.679,0.6457275
0.639,0.63356197
0.71,0.63083494
0.266,0.2932122
0.372,0.382038
0.008,0.045312345
0.404,0.48806292
0.658,0.6141143
0.033,0.06745738
0.387,0.46839172
0.118,0.12754244
0.392,0.44163167
0.253,0.24644482
0.753,0.72670645
0.196,0.21018022
0.403,0.43387055
0.54,0.57265306
0.254,0.24986401
0.903,0.0
0.121,0.16408002
0.335,0.40436116
0.087,0.095086455
0.902,0.0
0.55,0.5768772
0.906,0.0
0.239,0.2772493
0.246,0.2535027
0.655,0.6320845
0.777,0.8135433
0.695,0.6329335
0.262,0.25199917
0.489,0.55192816
0.497,0.55636656
0.441,0.4838629
0.987,0.0
0.657,0.6182517
0.208,0.22189325
0.475,0.52379084
0.281,0.27515298
0.669,0.61808145
0.318,0.3929475
0.5,0.5465642
0.221,0.21614626
0.169,0.19525713
0.154,0.19101307
0.729,0.70176125
0.305,0.3395048
0.307,0.33215266
0.729,0.710323
0.749,0.81505406
0.521,0.5477388
0.091,0.13423026
0.8,1.0
0.679,0.6398361
0.87,0.7000202
0.763,0.95790964
0.282,0.30992007
0.693,0.63232386
0.467,0.5096606
0.203,0.21421042
0.105,0.12667483
0.887,0.0
0.193,0.217006
0.435,0.47356984
0.317,0.35110295
0.523,0.5619699
0.461,0.5192484
0.731,0.7276385
0.087,0.11647546
0.885,0.6125512
0.998,0.07234275
0.252,0.28482217
0.774,0.8293005
0.937,0.0
0.646,0.63351005
0.597,0.5935625
0.142,0.18431246
0.254,0.2599866
0.278,0.32725444
0.746,0.7106918
0.885,0.55579966
0.944,0.0
0.918,0.0
0.859,0.730533
0.486,0.53788716
0.403,0.48031253
0.362,0.426979
0.093,0.13307047
0.699,0.68833476
0.05,0.102841794
0.675,0.64218175
0.23,0.21706349
0.442,0.50913537
0.651,0.6045843
0.075,0.09990299
0.058,0.051413476
0.144,0.15795073
0.273,0.26291022
0.913,0.0
0.838,1.0
0.474,0.5480404
0.237,0.2559996
0.021,0.083176196
0.195,0.20165169
0.419,0.5137272
0.231,0.24729985
0.565,0.57758075
0.119,0.15237433
0.461,0.50832236
0.245,0.24268606
0.301,0.36128864
0.411,0.46018013
0.844,1.0
0.155,0.18034771
0.527,0.56761265
0.003,0.048619866
0.101,0.12540686
0.336,0.39231503
0.89,0.61869603
0.477,0.5178371
0.192,0.20933372
0.294,0.31682217
0.703,0.70320845
0.932,0.0
0.801,1.0
0.981,0.0059155226
0.29,0.33671612
0.397,0.44240725
0.607,0.61192906
0.821,1.0
0.993,0.075473964
0.173,0.20300657
0.057,0.07978052
0.962,0.026627183
0.311,0.3452088
0.127,0.14841118
0.771,0.8463092
0.378,0.41542014
0.038,0.039480507
0.94,0.0
0.414,0.4935194
0.93,0.0
0.994,0.0
0.652,0.60975575
0.284,0.32555616
0.35,0.39996058
0.193,0.21189237
0.619,0.6017233
0.319,0.3630047
0.929,0.0
0.122,0.1546719
0.814,1.0
0.347,0.39046347
0.069,0.11674869
0.253,0.32450962
0.375,0.42942914
0.107,0.15529507
0.937,0.0
0.282,0.3126391
0.395,0.4486701
0.395,0.45515746
0.209,0.22532657
0.667,0.6250553
0.633,0.6070429
0.457,0.503752
0.009,0.06129992
0.947,0.0
0.717,0.65372604
0.915,0.0
0.696,0.66921234
0.547,0.5814566
0.172,0.19558498
0.9,0.0
0.114,0.13141644
0.721,0.68901926
0.565,0.5993
0.908,0.0
0.109,0.121077955
0.02,0.06446046
0.091,0.1092698
0.852,1.0
0.032,0.010253906
0.074,0.111251235
0.996,0.0
0.564,0.5952321
0.303,0.3439157
0.385,0.42859063
0.155,0.17929924
0.274,0.30325776
0.114,0.14150664
0.408,0.48269096
0.921,0.0
0.661,0.63639796
0.305,0.3325705
0.789,0.95139474
0.019,0.09100646
0.238,0.23940235
0.072,0.052904606
0.677,0.64348036
0.654,0.64632046
0.453,0.52365184
0.931,0.0
0.856,1.0
0.227,0.2320211
0.139,0.15262502
0.607,0.60244757
0.367,0.39071602
0.938,0.0
0.955,0.0
0.107,0.12515938
0.475,0.5247495
0.449,0.4993185
0.47,0.5513277
0.29,0.31548026
0.337,0.38174728
0.636,0.6090315
0.315,0.34359124
0.722,0.71619326
0.678,0.6258668
0.943,0.0
0.303,0.3062777
0.265,0.24436775
0.734,0.74646497
0.243,0.21529043
0.759,0.8512502
0.437,0.47089624
0.719,0.656242
0.374,0.41539773
0.03,0.07135552
0.269,0.26357225
0.261,0.28737536
0.637,0.6275087
0.943,0.0
0.561,0.58605903
0.491,0.54094034
0.033,0.06873447
0.967,0.00048834085
0.574,0.5858499
0.401,0.46578702
0.52,0.57279164
0.692,0.65746963
0.612,0.5966605
0.988,0.039102852
0.618,0.5979706
0.682,0.6636243
0.372,0.45200774
0.182,0.21760243
0.23,0.25709322
0.266,0.29414666
0.65,0.6211121
0.311,0.34408146
0.712,0.67058086
0.846,1.0
0.937,0.0
0.696,0.6679208
0.644,0.6180588
0.693,0.6422235
0.955,0.0
0.073,0.1019454
0.919,0.0
0.406,0.45729303
0.423,0.51812214
0.251,0.2447724
0.211,0.24448791
0.727,0.63752556
0.841,1.0
0.895,0.05701071
0.76,0.7615812
0.302,0.33543992
0.401,0.49388045
0.642,0.6206714
0.771,1.0
0.27,0.320781
0.716,0.7176645
0.626,0.59466195
0.028,0.03924215
0.746,0.78732544
0.453,0.504145
0.432,0.49575794
0.151,0.14208484
0.446,0.5353584
0.692,0.68066347
0.762,0.7258971
0.376,0.47816664
0.308,0.33081025
0.143,0.14386582
0.637,0.6213743
0.034,0.012384832
0.793,0.88294005
0.302,0.30402845
0.77,0.9942609
0.653,0.6209272
0.276,0.2734571
0.236,0.24185327
0.428,0.48555464
0.27,0.32190222
0.461,0.5275413
0.314,0.34931922
0.14,0.1359669
0.219,0.25660595
0.386,0.4581981
0.024,0.0
0.39,0.45790592
0.397,0.48914313
0.881,0.64132965
0.841,1.0
0.2,0.2008262
0.385,0.4187288
0.109,0.16098511
0.894,0.0
0.078,0.11285198
0.119,0.1672199
0.8,0.89838463
0.535,0.5616299
0.47,0.538804
0.706,0.67836595
0.556,0.59065044
0.63,0.6127341
0.874,1.0
0.754,0.7437365
0.356,0.41897947
0.696,0.63498783
0.192,0.20508564
0.735,0.6936445
0.302,0.34507594
0.976,0.010346353
0.09,0.1320228
0.138,0.17682606
0.4,0.44878116
0.766,0.82486117
0.101,0.1104877
0.215,0.25368315
0.108,0.13576841
0.476,0.51738787
0.435,0.49451324
0.265,0.3224651
0.9,0.0
0.792,0.83585894
0.147,0.18803376
0.671,0.6230072
0.209,0.23324615
0.267,0.30108503
0.862,0.4958851
0.876,0.11847764
0.941,0.0
0.756,0.7097486
0.925,0.0
0.744,0.74235487
0.569,0.5822621
0.317,0.36896217
0.738,0.74060565
0.978,0.0
0.884,0.9350929
0.225,0.24545798
0.992,0.008225083
0.246,0.28903985
0.756,0.8047807
0.69,0.65416133
0.111,0.13686383
0.885,0.0
0.768,0.891113
0.12,0.16705647
0.069,0.12023592
0.74,0.71994674
0.72,0.7085664
0.281,0.3324085
0.119,0.13900512
0.275,0.29118097
0.251,0.25951818
0.043,0.10131276
0.441,0.50366384
0.522,0.55574715
0.096,0.09353596
0.04,0.029655218
0.14,0.16955557
0.415,0.4644912
0.623,0.6136285
0.709,0.666849
0.159,0.15904963
0.418,0.49364036
0.521,0.5628131
0.136,0.16318041
0.114,0.15164343
0.349,0.4092673
0.492,0.54765433
0.935,0.0
0.147,0.18780452
0.436,0.47129303
0.199,0.2139202
0.671,0.63883245
0.185,0.2203711
0.431,0.45259735
0.328,0.3830493
0.268,0.2509406
0.088,0.11902034
0.482,0.54927576
0.723,0.7298611
0.09,0.09557247
0.021,0.0836252
0.406,0.4268983
0.048,0.10083157
0.673,0.6356597
0.619,0.5805911
0.985,0.0
0.892,0.0
0.693,0.6869166
0.997,0.0
0.976,0.0
0.161,0.17682588
0.759,0.7803109
0.325,0.36349386
0.393,0.4584129
0.076,0.06475514
0.851,0.7797377
0.878,0.0
0.436,0.5132481
0.198,0.19721201
0.622,0.6159539
0.29,0.33356023
0.739,0.7353587
0.477,0.54652464
0.011,0.04222083
0.474,0.5294669
0.725,0.7173778
0.439,0.49187893
0.682,0.6421813
0.625,0.60477865
0.556,0.5841683
0.488,0.55119854
0.87,0.55874187
0.089,0.08886784
0.979,0.0
0.107,0.13116673
0.852,0.9875668
0.284,0.31033176
0.674,0.6388548
0.85,1.0
0.756,0.7942482
0.655,0.6231314
0.784,1.0
0.286,0.27967992
0.26,0.31770426
0.255,0.26392826
0.052,0.0959571
0.259,0.25334838
0.197,0.21065193
0.9,0.0
0.023,0.0
0.891,0.0
0.223,0.20356205
0.877,0.06406027
0.458,0.5098513
0.363,0.4685552
0.768,0.89436865
0.922,0.0
0.558,0.581343
0.001,0.013376355
0.931,0.0
0.076,0.13867056
0.833,0.91538274
0.124,0.16006547
0.134,0.15243468
0.408,0.4712146
0.272,0.30430725
0.624,0.6170109
0.762,0.82228434
0.329,0.372636
0.957,0.0
0.973,0.04499495
0.662,0.62347555
0.349,0.4209665
0.222,0.21644497
0.697,0.6580957
0.315,0.36446643
0.91,0.0
0.058,0.06808555
0.843,0.91897964
0.724,0.71736884
0.334,0.36640716
0.048,0.09377128
0.282,0.33835924
0.709,0.71101785
0.466,0.5071863
0.14,0.19222131
0.313,0.4212269
0.06,0.124548376
0.635,0.6129973
0.667,0.64868283
0.151,0.18801293
0.183,0.18629614
0.108,0.15402344
0.782,0.8814102
0.445,0.5225798
0.877,0.0
0.362,0.41431105
0.526,0.57032967
0.99,0.0
0.923,0.0
0.42,0.45652747
0.67,0.65234745
0.249,0.2763969
0.062,0.072773516
0.66,0.6262273
0.692,0.694895
0.576,0.5947857
0.277,0.2866839
0.412,0.4861989
0.845,0.44977516
0.44,0.49119008
0.043,0.0821051
0.571,0.5823064
0.971,0.0
0.576,0.5879331
0.172,0.19151777
0.021,0.0751428
0.891,0.013644755
0.888,0.0
0.339,0.3636615
0.654,0.617607
0.681,0.6689197
0.282,0.323578
0.482,0.55177027
0.146,0.17941046
0.149,0.14778864
0.617,0.61261463
0.958,0.0
0.627,0.59978086
0.544,0.584513
0.898,0.0
0.08,0.08852881
0.682,0.6832757
0.327,0.38774148
0.406,0.44910264
0.032,0.101338506
0.26,0.26379544
0.051,0.094417155
0.924,0.0
0.504,0.5480794
0.892,0.024505198
0.043,0.08310753
0.702,0.6581932
0.451,0.50684595
0.043,0.0
0.785,0.9658675
0.138,0.16590393
0.96,0.0
0.101,0.11400229
0.288,0.3357448
0.681,0.6299386
0.092,0.11515385
0.878,0.0
0.934,0.0
0.293,0.30976367
0.919,0.0
0.393,0.44724202
0.859,0.95410085
0.172,0.18956342
0.729,0.79721653
0.822,1.0
0.29,0.3072087
0.007,0.0
0.773,0.80310905
0.431,0.4926443
0.603,0.59716725
0.094,0.13351232
0.084,0.0790776
0.658,0.62801296
0.534,0.5869373
0.244,0.25963604
0.492,0.55228555
0.717,0.7048751
0.725,0.68426394
0.282,0.33234313
0.587,0.5992664
0.267,0.26794952
0.889,0.0
0.76,0.8593118
0.544,0.5640633
0.884,0.0
0.274,0.2606944
0.184,0.19836617
0.51,0.535873
0.119,0.15785533
0.264,0.26389182
0.783,0.89485914
0.386,0.4646573
0.671,0.6285769
0.401,0.44766384
0.764,0.7530706
0.009,0.016681552
0.363,0.40905094
0.285,0.32988828
0.118,0.12369454
0.807,1.0
0.787,1.0
0.212,0.22349113
0.46,0.5059557
0.956,0.0
0.462,0.5068158
0.926,0.0
0.88,0.15558153
0.943,0.0
0.089,0.1373967
0.945,0.0
0.147,0.15332597
0.857,0.58438003
0.237,0.27699396
0.837,0.9476375
0.61,0.6023609
0.024,0.096378565
0.168,0.18811601
0.408,0.46976098
0.658,0.6053049
0.259,0.30154645
0.207,0.18001878
0.924,0.0
0.836,1.0
0.115,0.14449462
0.775,0.8797796
0.133,0.17493188
0.303,0.323772
0.995,0.0
0.771,0.81630266
0.169,0.19492757
0.874,0.70736337
0.474,0.5567843
0.003,0.06202984
0.638,0.60992056
0.048,0.03693545
0.27,0.29532534
0.257,0.2563558
0.016,0.0
0.724,0.72994494
0.559,0.56798005
0.471,0.5527417
0.037,0.019443512
0.368,0.42545915
0.702,0.63871634
0.286,0.343691
0.144,0.18575442
0.041,0.034689903
0.999,0.0
0.936,0.0
0.212,0.23422837
0.678,0.63478714
0.899,0.0
0.684,0.6571058
0.212,0.20696864
0.167,0.15159318
0.727,0.6843386
0.466,0.54681695
0.246,0.26848885
0.27,0.28570938
0.451,0.49667323
0.12,0.16037026
0.783,1.0
0.192,0.22376776
0.048,0.10105616
0.398,0.49671924
0.578,0.58838695
0.741,0.7338933
0.288,0.33749244
0.776,0.8700627
0.871,0.12963349
0.479,0.53608483
0.03,0.0
0.74,0.70546865
0.646,0.6095436
0.89,0.2761261
0.054,0.11296642
0.295,0.30800897
0.834,0.9110926
0.701,0.6842807
0.23,0.21421829
0.051,0.07023293
0.478,0.562249
0.494,0.551519
0.366,0.4217807
0.702,0.6503515
0.968,0.0
0.732,0.7308837
0.972,0.0
0.94,0.0
0.885,0.35314777
0.057,0.048022628
0.321,0.35356396
0.631,0.61886704
0.923,0.0
0.153,0.17334169
0.791,0.9309751
0.976,0.0
0.546,0.56320584
0.497,0.55108255
0.714,0.65138537
0.202,0.20966077
0.707,0.68183523
0.705,0.6426267
0.703,0.63964
0.204,0.22107607
0.202,0.21731848
0.182,0.19632947
0.638,0.6136296
0.068,0.11209595
0.737,0.6887084
0.551,0.57086277
0.678,0.6462532
0.442,0.49604952
0.001,0.0
0.685,0.6615118
0.072,0.046791136
0.427,0.49943268
0.957,0.0
0.683,0.62459636
0.447,0.48193395
0.562,0.5962718
0.542,0.5719711
0.9,0.0
0.5,0.56120604
0.732,0.7433543
0.003,0.030987203
0.633,0.6072426
0.003,0.005183995
0.019,0.0
0.636,0.61033905
0.731,0.71250117
0.101,0.117361486
0.371,0.451576
0.867,0.106865466
0.756,0.73843825
0.439,0.5205065
0.204,0.21322817
0.842,0.90705925
0.886,0.0
0.092,0.13364965
0.4,0.47662163
0.012,0.019394875
0.572,0.5748161
0.406,0.50675225
0.425,0.4924947
0.715,0.7340251
0.414,0.49103016
0.756,0.68323886
0.678,0.62165546
0.928,0.0
0.444,0.49225983
0.404,0.43864635
0.272,0.2915714
0.762,0.82889
0.975,0.0
0.439,0.4803391
0.769,0.9952828
0.2,0.21370634
0.294,0.32850578
0.817,0.81921047
0.351,0.40655196
0.935,0.0
0.246,0.2549408
0.737,0.7177782
0.149,0.16832507
0.912,0.0
0.304,0.3094503
0.003,0.049806476
0.358,0.40519848
0.586,0.5882883
0.606,0.596159
0.403,0.49429518
0.829,1.0
0.165,0.19368714
0.332,0.38360107
0.228,0.25825325
0.653,0.620708
0.274,0.3342518
0.7,0.67115235
0.061,0.11604595
0.215,0.22879556
0.515,0.5524321
0.422,0.4801432
0.216,0.21814334
0.061,0.10749328
0.419,0.46438718
0.422,0.50681406
0.763,0.80904293
0.495,0.5421707
0.777,1.0
0.405,0.45987952
0.696,0.6346961
0.098,0.11584461
0.372,0.4484803
0.474,0.5215775
0.019,0.031318903
0.845,0.9895
0.258,0.32931155
0.697,0.6424715
0.447,0.54503417
0.504,0.5756617
0.668,0.6116755
0.009,0.0
0.482,0.54872006
0.397,0.46714953
0.301,0.31820047
0.689,0.6536485
0.743,0.82002103
0.096,0.120421976
0.282,0.30292833
0.836,1.0
0.64,0.61263824
0.706,0.67039514
0.13,0.14895254
0.027,0.0
0.854,0.8821882
0.3,0.31896633
0.073,0.0950253
0.992,0.031798482
0.765,0.7715839
0.552,0.5977749
0.025,0.0025257468
0.832,0.9960517
0.776,0.9844621
0.698,0.63633704
0.797,0.9881914
0.46,0.49926704
0.687,0.6337329
0.753,0.8284066
0.38,0.47231227
0.183,0.19543469
0.231,0.18646681
0.102,0.1190477
0.059,0.065963745
0.674,0.658049
0.072,0.09074396
0.338,0.38883078
0.676,0.63773847
0.709,0.69012725
0.158,0.18410629
0.817,0.8726726
0.377,0.42464188
0.781,0.84428525
0.688,0.64199567
0.971,0.0
0.859,0.3760465
0.418,0.5233506
0.08,0.08915663
0.227,0.23762
0.045,0.104691625
0.329,0.3895248
0.697,0.6659173
0.506,0.55279964
0.065,0.10832727
0.695,0.6349554
0.692,0.6694467
0.918,0.0
0.629,0.6110338
0.719,0.68890625
0.769,0.87178886
0.975,0.0013130307
0.56,0.5806355
0.01,0.01701808
0.209,0.20310357
0.755,0.9593198
0.23,0.23952633
0.112,0.16493627
0.79,0.8959147
0.136,0.15640041
0.257,0.2343302
0.163,0.18476084
0.254,0.3067004
0.047,0.0940783
0.405,0.4352327
0.477,0.5157258
0.211,0.22550985
0.967,0.0
0.888,0.0
0.535,0.5626715
0.719,0.705276
0.33,0.35606712
0.124,0.12964457
0.706,0.65862775
0.43,0.47244138
0.697,0.652025
0.44,0.528563
0.343,0.39859957
0.932,0.0
0.058,0.0027383566
0.521,0.5835448
0.649,0.61831796
0.652,0.6122471
0.974,0.0
0.077,0.09203428
0.262,0.27835026
0.196,0.17881563
0.246,0.29437074
0.881,1.0
0.897,0.0
0.714,0.73743975
0.026,0.01633805
0.336,0.39146096
0.886,0.5826071
0.877,0.09923512
0.41,0.46998894
0.18,0.21193287
0.221,0.22359279
0.432,0.49234298
0.685,0.6495631
0.885,0.0
0.0,0.025528014
0.159,0.17817771
0.508,0.55565995
0.168,0.19289428
0.246,0.26990852
0.932,0.0
0.902,0.0
0.666,0.6531353
0.197,0.20433873
0.951,0.0
0.673,0.66146654
0.198,0.22446871
0.329,0.335743
0.262,0.3031836
0.234,0.27434313
0.15,0.18903664
0.375,0.4066953
0.155,0.17563748
0.64,0.6227956
0.29,0.30772278
0.428,0.4944185
0.227,0.24987575
0.533,0.5683769
0.207,0.19770026
0.691,0.6422726
0.862,0.31330508
0.506,0.51848316
0.385,0.4846579
0.088,0.1303255
0.266,0.26396108
0.614,0.6086345
0.048,0.02940631
0.676,0.6199602
0.993,0.0
0.277,0.2982789
0.305,0.3149692
0.145,0.18646422
0.621,0.61144334
0.265,0.3019876
0.084,0.12127322
0.258,0.29166842
0.76,0.7474719
0.067,0.09400785
0.948,0.0
0.872,0.0
0.408,0.48658413
0.075,0.088272214
0.713,0.6822461
0.706,0.6541888
0.713,0.65171725
0.141,0.17813739
0.231,0.21540159
0.471,0.54246336
0.371,0.41358846
0.867,0.7186843
0.223,0.21235916
0.375,0.41949818
0.951,0.0
0.709,0.6925707
0.844,1.0
0.415,0.44294173
0.339,0.39811474
0.118,0.13406181
0.758,0.88826513
0.989,0.020083845
0.962,0.0
0.95,0.0
0.971,0.0
0.707,0.72601306
0.448,0.4940654
0.895,0.28401035
0.224,0.20281047
0.726,0.696152
0.577,0.58553827
0.206,0.23068509
0.627,0.6227848
0.353,0.43860212
0.222,0.23096597
0.382,0.47963226
0.236,0.2964754
0.52,0.5642649
0.715,0.6558723
0.15,0.170569
0.175,0.19752431
0.334,0.3799473
0.403,0.4457237
0.74,0.80161846
0.824,0.87895083
0.29,0.34074014
0.107,0.14382613
0.096,0.14202511
0.534,0.5714584
0.37,0.4407872
0.814,0.8422306
0.962,0.0
0.51,0.53643036
0.746,0.74994385
0.036,0.05977249
0.753,0.7392134
0.248,0.27760497
0.851,0.73504776
0.187,0.2186434
0.938,0.0
0.716,0.67385125
0.348,0.38633305
0.71,0.6702845
0.001,0.06595445
0.72,0.685615
0.125,0.1479367
0.373,0.41890585
0.91,0.0
0.885,0.0
0.642,0.60561794
0.721,0.68582135
0.257,0.2811292
0.921,0.0
0.645,0.6183814
0.457,0.5331886
0.883,0.14237934
0.097,0.10321444
0.956,0.0
0.031,0.007577777
0.915,0.0
0.332,0.38957494
0.075,0.08644205
0.917,0.0
0.74,0.7303607
0.399,0.47890788
0.46,0.54777294
0.723,0.75842124
0.707,0.6825768
0.691,0.66003966
0.379,0.4322956
0.534,0.58770967
0.372,0.42696586
0.202,0.21472523
0.691,0.6417968
0.26,0.2741013
0.72,0.7263279
0.907,0.0
0.247,0.2520907
0.258,0.29057094
0.617,0.60070664
0.187,0.21153349
0.399,0.48193005
0.118,0.16668284
0.944,0.0
0.846,0.7547765
0.674,0.62993705
0.162,0.19876313
0.234,0.26714292
0.549,0.57851255
0.765,0.7189927
0.044,0.035139263
0.176,0.18581781
0.395,0.4738316
0.366,0.4474812
0.95,0.0
0.909,0.0
0.783,0.84171295
0.457,0.51024026
0.703,0.6763084
0.576,0.58204997
0.268,0.29424
0.492,0.54459107
0.695,0.644525
0.996,0.0036808848
0.157,0.17066842
0.194,0.20473042
0.979,0.016062677
0.304,0.32031423
0.717,0.72333753
0.346,0.38552123
0.705,0.664952
0.88,0.739719
0.05,0.08720595
0.716,0.72215295
0.186,0.20953605
0.431,0.4733895
0.147,0.16272578
0.945,0.0
0.674,0.62814665
0.147,0.16894376
0.255,0.29365727
0.514,0.5498368
0.906,0.0
0.713,0.7005764
0.908,0.0
0.47,0.54304934
0.765,0.8366123
0.706,0.6846526
0.021,0.05540836
0.356,0.41055977
0.108,0.12429482
0.219,0.2455068
0.218,0.21775067
0.465,0.51656127
0.638,0.6051831
0.447,0.53636146
0.645,0.5995572
0.048,0.04812312
0.228,0.23673338
0.363,0.40744576
0.286,0.30971727
0.156,0.18180406
0.87,0.666934
0.569,0.5770695
0.675,0.6240408
0.7,0.64287853
0.243,0.22732222
0.683,0.63666236
0.229,0.22307956
0.431,0.5108036
0.254,0.2996758
0.338,0.3354659
0.75,0.7295419
0.787,0.76919514
0.176,0.1951358
0.108,0.12019211
0.401,0.46336788
0.697,0.63693094
0.681,0.6335036
0.671,0.61768985
0.697,0.696798
0.222,0.23285186
0.008,0.10155219
0.272,0.26420715
0.902,0.0
0.034,0.0
0.041,0.02306664
0.226,0.23553282
0.617,0.6056967
0.733,0.713162
0.079,0.091596365
0.064,0.04190612
0.73,0.73693454
0.119,0.1489436
0.215,0.25897443
0.756,0.75826585
0.402,0.48183286
0.608,0.6021608
0.062,0.04120499
0.518,0.56515944
0.177,0.20420873
0.862,0.40561214
0.535,0.5871154
0.153,0.17098215
0.106,0.14246294
0.61,0.6051082
0.927,0.0
0.534,0.5630743
0.34,0.37774113
0.473,0.49734777
0.875,0.34156162
0.033,0.069582224
0.097,0.13054115
0.198,0.22825322
0.721,0.6547002
0.344,0.38112026
0.46,0.5036236
0.345,0.37526953
0.187,0.1971286
0.767,0.8087598
0.688,0.6484335
0.734,0.7234281
0.989,0.0
0.552,0.57377344
0.931,0.0
0.531,0.5833217
0.938,0.0
0.689,0.6744288
0.242,0.2564745
0.105,0.14034033
0.289,0.35277253
0.038,0.030695915
0.441,0.51166177
0.577,0.5893365
0.247,0.30739895
0.948,0.0
0.236,0.2466917
0.218,0.25855342
0.654,0.63298607
0.893,0.0
0.751,0.75157374
0.883,0.27614415
0.948,0.0
0.449,0.5023954
0.923,0.0
0.596,0.5884893
0.75,0.76495034
0.179,0.19016835
0.493,0.5604044
0.115,0.15400806
0.485,0.54612505
0.915,0.0
0.399,0.45270413
0.076,0.114614904
0.051,0.09084624
0.437,0.5137371
0.578,0.58060956
0.282,0.32282522
0.398,0.43963388
0.589,0.59694856
0.783,0.8874521
0.147,0.16838542
0.208,0.22033972
0.335,0.39807868
0.039,0.08449316
0.076,0.08421475
0.191,0.20896795
0.049,0.11178893
0.843,1.0
0.076,0.066640556
0.44,0.49500602
0.387,0.46948224
0.116,0.13666642
0.23,0.23537526
0.094,0.12374318
0.731,0.737735
0.292,0.32684138
0.4,0.43162796
0.564,0.5917896
0.407,0.4906739
0.113,0.15190244
0.427,0.4840542
0.374,0.4182322
0.048,0.042745113
0.978,0.04374987
0.01,0.028654933
0.841,1.0
0.136,0.15184674
0.878,0.0
0.244,0.22008893
0.433,0.48355848
0.495,0.557046
0.042,0.057099223
0.139,0.18085018
0.528,0.59081954
0.239,0.21895891
0.097,0.12785268
0.959,0.027822018
0.725,0.67168534
0.823,0.92579466
0.527,0.55573297
0.745,0.7882472
0.425,0.5017241
0.477,0.5512298
0.631,0.6067157
0.526,0.5858188
0.267,0.25789294
0.912,0.0
0.86,1.0
0.208,0.21683997
0.066,0.07572341
0.303,0.3358858
0.319,0.36467528
0.747,0.7410246
0.194,0.19334775
0.705,0.70280814
0.093,0.13044155
0.333,0.3926019
0.695,0.6286439
0.108,0.111723125
0.668,0.6210135
0.62,0.5980497
0.038,0.112556934
0.095,0.09562737
0.86,1.0
0.962,0.0
0.253,0.25565955
0.637,0.6091348
0.11,0.15221107
0.894,0.0
0.935,0.0
0.458,0.53315914
0.598,0.60405463
0.223,0.23059496
0.456,0.5224767
0.829,1.0
0.528,0.572003
0.413,0.45176247
0.11,0.13034713
0.434,0.51478404
0.514,0.57293546
0.333,0.38989156
0.472,0.52318984
0.424,0.49168158
0.911,0.0
0.117,0.15115374
0.079,0.10441804
0.299,0.33653042
0.208,0.17314991
0.684,0.65662885
0.48,0.52526987
0.926,0.0
0.093,0.087109745
0.751,0.8078275
0.655,0.6273185
0.474,0.550799
0.923,0.0
0.735,0.7385125
0.739,0.71044457
0.897,0.0
0.483,0.54183185
0.399,0.43213668
0.622,0.61384225
0.436,0.49219102
0.464,0.5396513
0.614,0.6070052
0.678,0.64063334
0.068,0.06342512
0.098,0.12228602
0.233,0.21607947
0.044,0.03103745
0.086,0.12426442
0.528,0.5906715
0.256,0.28196275
0.256,0.2571845
0.929,0.0
0.345,0.40451133
0.675,0.6248853
0.619,0.6104714
0.228,0.21014437
0.283,0.33192453
0.158,0.1815598
0.756,0.8171325
0.686,0.6599158
0.031,0.02397108
0.693,0.6345197
0.807,1.0
0.213,0.21566248
0.712,0.7082647
0.863,0.35292828
0.273,0.31933755
0.046,0.121320605
0.718,0.73351604
0.467,0.52411485
0.728,0.6978072
0.17,0.19292647
0.316,0.3663059
0.812,1.0
0.956,0.0
0.191,0.21303132
0.34,0.38008863
0.25,0.27871394
0.958,0.0
0.254,0.28971443
0.311,0.35104546
0.169,0.17438713
0.727,0.6839911
0.249,0.25332892
0.056,0.05515766
0.706,0.6932833
0.651,0.6303132
0.452,0.5140662
0.072,0.056170285
0.557,0.58416176
0.576,0.5844299
0.839,0.6525167
0.72,0.64985514
0.425,0.49882913
0.334,0.39346433
0.137,0.14893287
0.957,0.0
0.189,0.20476806
0.167,0.1720494
0.874,0.37768498
0.519,0.5575823
0.503,0.54446244
0.486,0.54494363
0.682,0.65672153
0.224,0.21153304
0.149,0.16727561
0.069,0.106992245
0.447,0.4975444
0.161,0.18685877
0.195,0.20552936
0.772,0.77905464
0.707,0.6925562
0.771,0.84348017
0.68,0.66940403
0.858,0.6532345
0.063,0.11605972
0.856,0.21806127
0.741,0.7435254
0.835,0.7617648
0.686,0.6284686
0.251,0.25718555
0.42,0.46516967
0.012,0.070833385
0.189,0.22470179
0.241,0.27838647
0.701,0.68415236
0.727,0.6951996
0.524,0.57903695
0.432,0.46774444
0.614,0.6035803
0.12,0.16787973
0.661,0.62900424
0.293,0.3387663
0.134,0.13276201
0.713,0.7362604
0.741,0.6794309
0.827,1.0
0.894,0.0
0.954,0.0
0.49,0.5642473
0.462,0.5504614
0.291,0.34276637
0.274,0.28366113
0.786,1.0
0.04,0.11239833
0.08,0.11591327
0.44,0.51404876
0.847,1.0
0.912,0.0
0.386,0.41841963
0.752,0.8708228
0.332,0.36546198
0.322,0.37007785
0.334,0.37001598
0.693,0.6457399
0.853,0.9358699
0.342,0.38205105
0.03,0.06961423
0.62,0.6231288
0.061,0.11385709
0.448,0.49761564
0.462,0.5339946
0.446,0.5052149
0.363,0.432557
0.732,0.72791874
0.904,0.0
0.184,0.18603551
0.149,0.15807
0.151,0.1640464
0.956,0.0
0.131,0.16430604
0.681,0.63979214
0.343,0.3940829
0.155,0.16281223
0.778,0.9966949
0.044,0.025327563
0.98,0.0019209981
0.147,0.19322884
0.426,0.46818188
0.4,0.45274842
0.264,0.29977503
0.199,0.20016539
0.87,0.41166478
0.47,0.50891113
0.035,0.025873125
0.729,0.699683
0.463,0.5087783
0.067,0.12763113
0.132,0.14367199
0.265,0.3027392
0.907,0.0
0.453,0.5055505
0.522,0.54838294
0.686,0.62123334
0.165,0.20034948
0.571,0.59425426
0.337,0.3887416
0.419,0.5129744
0.647,0.61305547
0.94,0.0
0.664,0.6323109
0.913,0.0
0.734,0.7282808
0.461,0.5164074
0.242,0.23625943
0.914,0.0
0.063,0.105379164
0.947,0.0
0.643,0.61888456
0.932,0.0
0.752,0.70939195
0.507,0.5360728
0.246,0.27932596
0.431,0.48260915
0.425,0.46390873
0.134,0.15252578
0.75,0.70585275
0.3,0.31818134
0.708,0.6855829
0.445,0.523105
0.509,0.56894535
0.077,0.12379235
0.31,0.332188
0.433,0.53109
0.435,0.5040189
0.621,0.60831165
0.198,0.20351404
0.164,0.19340444
0.467,0.54901737
0.979,0.030666232
0.173,0.19805431
0.088,0.092214525
0.744,0.7989092
0.883,0.046644866
0.439,0.52476764
0.288,0.33954102
0.085,0.12724435
0.91,0.0
0.118,0.15809655
0.764,0.9326906
0.723,0.66853255
0.68,0.64846253
0.292,0.33763218
0.887,0.0
0.185,0.18816581
0.009,0.021482527
0.83,1.0
0.662,0.63790715
0.715,0.7050736
0.799,1.0
0.375,0.4406098
0.867,0.13209254
0.645,0.6270704
0.931,0.0
0.601,0.58945143
0.257,0.30353978
0.245,0.26747927
0.753,0.76667714
0.367,0.4117566
0.216,0.22146106
0.721,0.7184442
0.975,0.0
0.198,0.20062065
0.029,0.08301741
0.282,0.31287968
0.668,0.61248434
0.498,0.53150535
0.094,0.13260323
0.91,0.0
0.78,0.88188446
0.285,0.2973235
0.654,0.6050471
0.624,0.5968773
0.673,0.6353929
0.003,0.02300173
0.422,0.50054014
0.451,0.50813526
0.539,0.5683081
0.667,0.62946314
0.501,0.574261
0.107,0.117408514
0.776,1.0
0.626,0.61025214
0.884,0.0
0.909,0.0
0.693,0.6806254
0.885,0.0
0.129,0.15411562
0.704,0.70284194
0.818,0.96200037
0.456,0.50281954
0.064,0.059864223
0.243,0.245045
0.017,0.04581678
0.028,0.08506268
0.011,0.016535282
0.441,0.51860034
0.13,0.15366966
0.697,0.64503944
0.236,0.26077604
0.158,0.16663867
0.968,0.0
0.427,0.5064195
0.839,0.9477507
0.207,0.22100437
0.851,0.8950488
0.511,0.573159
0.243,0.22140595
0.211,0.21976778
0.158,0.204101
0.892,0.033133328
0.611,0.6079416
0.434,0.49958414
0.996,0.0
0.9,0.0
0.585,0.6070085
0.823,0.91785574
0.068,0.081486404
0.68,0.61983514
0.045,0.1091035
0.419,0.46381712
0.551,0.59573174
0.705,0.65987116
0.272,0.32758152
0.257,0.29397267
0.429,0.49744982
0.747,0.74205494
0.5,0.54909575
0.843,0.99583465
0.715,0.6911417
0.09,0.12959379
0.263,0.24206936
0.689,0.6481061
0.385,0.42981094
0.746,0.754379
0.393,0.4624504
0.485,0.5346527
0.25,0.25656077
0.382,0.45660934
0.993,0.0
0.78,0.9413547
0.563,0.5747069
0.295,0.3384753
0.209,0.22626668
0.954,0.0
0.158,0.16606674
0.221,0.21735495
0.492,0.5574543
0.839,1.0
0.338,0.39366168
0.823,0.9145723
0.849,0.9506928
0.676,0.63225424
0.214,0.22134134
0.899,0.038383663
0.916,0.0
0.193,0.22328255
0.76,0.82626325
0.026,0.08956593
0.94,0.0
0.75,0.7677214
0.763,0.8088412
0.269,0.31523824
0.247,0.28726074
0.094,0.11781371
0.6,0.6018685
0.898,0.36267722
0.039,0.041843176
0.756,0.90359867
0.245,0.2810431
0.213,0.23795941
0.283,0.3408048
0.322,0.3316824
0.682,0.63580066
0.579,0.6052164
0.225,0.2254669
0.222,0.23734215
0.527,0.5743666
0.576,0.5966046
0.672,0.6375731
0.897,0.01161772
0.153,0.1880992
0.635,0.6138675
0.197,0.225344
0.303,0.3528784
0.47,0.547865
0.601,0.59433705
0.726,0.6530409
0.21,0.2290163
0.31,0.34224674
0.904,0.0
0.584,0.5936009
0.952,0.0
0.327,0.35818067
0.556,0.5879533
0.131,0.16646853
0.537,0.5886534
0.427,0.4654146
0.46,0.5480592
0.463,0.5077392
0.116,0.12931448
0.468,0.5294903
0.546,0.59126776
0.967,0.0
0.301,0.31111175
0.372,0.4179279
0.926,0.0
0.023,0.06667131
0.625,0.6092868
0.363,0.40530068
0.648,0.61853004
0.924,0.0
0.334,0.38913494
0.692,0.64024997
0.079,0.0697428
0.097,0.109190226
0.172,0.17962325
0.387,0.46320695
0.057,0.11980373
0.551,0.572201
0.647,0.6149025
0.299,0.35999626
0.324,0.38362187
0.062,0.11538452
0.232,0.2611414
0.4,0.44996056
0.331,0.39467138
0.36,0.41564158
0.052,0.12059069
0.833,1.0
0.676,0.6239109
0.053,0.034603357
0.7,0.6777115
0.382,0.42820412
0.872,0.68174326
0.024,0.021971762
0.231,0.2227098
0.721,0.70752466
0.676,0.62182486
0.246,0.29280353
0.413,0.46367645
0.291,0.33765507
0.727,0.70854044
0.364,0.4141099
0.229,0.2320539
0.461,0.5073944
0.497,0.55444795
0.519,0.5825832
0.929,0.0
0.902,0.0
0.288,0.30384985
0.246,0.24969327
0.206,0.22774002
0.16,0.1896657
0.632,0.60595983
0.342,0.3731467
0.306,0.3461896
0.267,0.29460678
0.412,0.469068
0.479,0.5561907
0.802,1.0
0.009,0.0021870732
0.531,0.5791956
0.116,0.13099623
0.115,0.114503324
0.533,0.5662506
0.121,0.15169144
0.14,0.1809344
0.074,0.03264159
0.161,0.18312934
0.174,0.20726636
0.687,0.67313266
0.961,0.0
0.263,0.29796427
0.413,0.45720565
0.003,0.008885264
0.244,0.2559986
0.192,0.22454345
0.123,0.15997249
0.168,0.18636847
0.004,0.06257093
0.045,0.050616324
0.236,0.2780276
0.743,0.77920353
0.222,0.24744818
0.09,0.11157632
0.309,0.34435862
0.375,0.41327816
0.414,0.44800657
0.932,0.0
0.632,0.60863423
0.123,0.15408665
0.726,0.7432278
0.118,0.15861887
0.404,0.47624147
0.387,0.4499709
0.512,0.546692
0.287,0.29202747
0.238,0.2369405
0.88,0.0
0.307,0.34093606
0.221,0.23745677
0.035,0.08298361
0.462,0.50853306
0.029,0.0
0.31,0.36100745
0.707,0.7029023
0.087,0.08646798
0.202,0.2187657
0.092,0.13828209
0.403,0.4807191
0.053,0.05250889
0.34,0.37162194
0.69,0.63273776
0.72,0.6776345
0.535,0.5643993
0.702,0.6366706
0.258,0.26138824
0.052,0.119864434
0.718,0.66082513
0.321,0.35560882
0.34,0.39565492
0.729,0.69121134
0.624,0.6115832
0.494,0.55833066
0.949,0.0
0.739,0.8390273
0.257,0.2587308
0.255,0.3125369
0.084,0.11072391
0.105,0.10613215
0.483,0.5311903
0.942,0.0
0.594,0.60181665
0.426,0.5172857
0.254,0.24282476
0.325,0.3481155
0.081,0.12862998
0.495,0.51571095
0.097,0.14227545
0.598,0.5972407
0.724,0.7266841
0.097,0.13882202
0.987,0.011238635
0.427,0.5041481
0.46,0.49688557
0.466,0.50124085
0.95,0.0
0.674,0.63043267
0.13,0.14687365
0.345,0.37049645
0.909,0.0
0.16,0.19198698
0.882,0.0
0.638,0.63431394
0.024,0.0
0.91,0.0
0.07,0.082844496
0.753,0.7901876
0.533,0.55243474
0.3,0.3197761
0.731,0.725451
0.894,0.12644309
0.695,0.62716174
0.717,0.7300496
0.721,0.6471708
0.289,0.3430464
0.697,0.6314343
0.253,0.25477794
0.927,0.0
0.213,0.2458942
0.208,0.2315138
0.966,0.0
0.758,0.7182664
0.867,0.6655603
0.046,0.057651043
0.201,0.19416207
0.48,0.52535576
0.147,0.15502998
0.687,0.6427755
0.719,0.6432121
0.735,0.7001513
0.866,0.0
0.775,0.83175176
0.211,0.19616961
0.515,0.5686253
0.005,0.054338694
0.891,0.0
0.777,0.9409788
0.324,0.34750676
0.103,0.12094751
0.717,0.6975924
0.403,0.46211678
0.506,0.5803487
0.4,0.45457718
0.091,0.13347548
0.654,0.6265478
0.939,0.0
0.545,0.57427466
0.397,0.4727494
0.898,0.0
0.895,0.0
0.242,0.27062586
0.495,0.55937123
0.794,0.98083895
0.71,0.71599084
0.323,0.38209236
0.013,0.059075654
0.06,0.04639417
0.09,0.08541244
0.224,0.24212167
0.226,0.22611174
0.549,0.56916386
0.559,0.6018936
0.76,0.72066474
0.36,0.42634827
0.631,0.61098206
0.86,0.75231004
0.995,0.077727556
0.247,0.2803402
0.117,0.11804706
0.721,0.6935804
0.61,0.60184884
0.47,0.52084893
0.407,0.48906523
0.113,0.12559319
0.841,1.0
0.215,0.21175584
0.68,0.6272927
0.015,0.0
0.416,0.46900722
0.457,0.5206139
0.097,0.13496482
0.122,0.14587605
0.194,0.20996779
0.747,0.7151381
0.793,0.933236
0.734,0.7660812
0.201,0.22109064
0.984,0.0
0.008,0.07865167
0.207,0.23010546
0.292,0.3086459
0.656,0.63885766
0.742,0.7673154
0.443,0.47257316
0.68,0.6573052
0.231,0.23244417
0.166,0.2074357
0.736,0.7310473
0.276,0.30853924
0.822,0.9115915
0.071,0.08317155
0.667,0.62379193
0.752,0.81442255
0.692,0.6739209
0.716,0.71652853
0.914,0.0
0.465,0.49169183
0.311,0.31658784
0.006,0.061918616
0.2,0.23097083
0.14,0.14587605
0.289,0.31004757
0.891,0.0
0.48,0.55567473
0.282,0.27876905
0.172,0.18577221
0.762,0.7731775
0.368,0.4323652
0.943,0.0
0.057,0.107909024
0.331,0.3637225
0.53,0.56512606
0.748,0.74988663
0.131,0.19136238
0.994,0.08742267
0.459,0.5015139
0.11,0.12987185
0.604,0.5944052
0.303,0.32748833
0.477,0.5452496
0.608,0.6029236
0.393,0.42392543
0.504,0.5419841
0.407,0.5020093
0.301,0.33493978
0.141,0.17463765
0.677,0.6363575
0.023,0.0
0.028,0.011584103
0.567,0.57838875
0.285,0.34677994
0.413,0.52168185
0.546,0.5637217
0.527,0.56483394
0.31,0.35617653
0.25,0.28595102
0.721,0.74404424
0.581,0.59258103
0.918,0.0
0.526,0.56519204
0.476,0.5389591
0.243,0.25880936
0.628,0.6108583
0.053,0.08807784
0.632,0.6031774
0.706,0.69279516
0.016,0.06462711
0.627,0.6161991
